payee,purpose,classified
Big Eye Direct,"mail production costs, postage",mail voter contact
Senate Conservatives Fund,IE-Lee-Donation Processing,donation processing
Bridget Fagan-Reidburn,staff time and mileage,payroll
Club for Growth,phone solicitations (from advance line 21),phone voter contact
"Pound, Feinstein & Associates",Radio advertising (production),radio advertising
RED METRICS,DIGITAL MEDIA PRODUCTION/PLACEMENT,online advertising
"INTERNATIONAL DATA MANAGEMENT, INC.",DIRECT MAIL - POSTAGE,mail voter contact
FORTH RIGHT STRATEGY INC,VOTER CONTACT MAIL,mail voter contact
REVOLUTION AGENCY,MEDIA PRODUCTION,tv advertising
CAMBRIDGE ANALYTICA LLC,MEDIA,advertising
DDC Advocacy,Voter contact-telephone calls,phone voter contact
"Facebook, Inc.",advertising for educational event,online advertising
"Target Enterprises, LLC",online advertising,online advertising
Mustard Seed Media LLC,IE-DeSantis-Email Marketing,email voter contact
SWIFTKURRENT,ADVERTISING - ONLINE,online advertising
INFOCISION MANAGEMENT CORP,VOTER CONTACT CALLS,phone voter contact
National Association of REALTORS,Consulting Services,consulting
Club for Growth,internet communications (from advance line 21),online advertising
INFOCISION MANAGEMENT CORP,VOTER CONTACT CALLS,phone voter contact
REVOLUTION AGENCY,MEDIA PRODUCTION,tv advertising
Club for Growth,phone solicitations (from advance line 21),phone voter contact
FORTH RIGHT STRATEGY INC,VOTER CONTACT MAIL,mail voter contact
SWIFTKURRENT,ADVERTISING - ONLINE,online advertising
Mountaintop Media,Radio Ad -- NATIONAL -- NOT STATE SPECIFIC,radio advertising
DDC Advocacy,Online advertising,online advertising
Laura Dragon,Office Rent,rent
REVOLUTION AGENCY,MEDIA PRODUCTION - ALSO OPPOSES RUBIO AND KASICH,tv advertising
INFOCISION MANAGEMENT CORP,VOTER CONTACT CALLS,phone voter contact
"King Strategic Communications, Inc.",Mail,mail voter contact
"Planned Parenthood Advocates of IN and KY, Inc.","Travel-Phone Bank, Estimate",travel
Warfield and Company,"TV Ad production, placement costs, Trump or Consequence-Obamacare",tv advertising
RIGEL STRATEGIES LLC,MEDIA,radio advertising
American Action News Llc,August/September Monthly Online Advertising Fees,online advertising
AMERICANS FOR PROSPERITY,Canvassing expenses,canvassing
SWIFTKURRENT,ADVERTISING - ONLINE,online advertising
Image Pointe,T-shirts,promotional
North Wood Advertising,Radio,radio advertising
FORTH RIGHT STRATEGY INC,VOTER CONTACT MAIL,mail voter contact
Phone2Action,Website development supporting Ron Johnson.,website development
"Outlaw Media, LLC",Online Advertising Production,online advertising
SWIFTKURRENT,ADVERTISING - ONLINE,online advertising
Matthew Covington,"staff time, voter contact, mileage, food for volunteers",food
Image Pointe,Estimated Cost:  T-shirts,promotional
FORTH RIGHT STRATEGY INC,VOTER CONTACT MAIL,mail voter contact
Mountaintop Media,Mountaintop Media,tv advertising
"West Virginians for Life, Inc.",Postage,mail voter contact
Margin of Victory Partners LLC,Phone Campaign,phone voter contact
FORTH RIGHT STRATEGY INC,VOTER CONTACT MAIL,mail voter contact
Club for Growth,"mail production costs, postage (from advance line 21)",mail voter contact
Make DC Listen,Donation Processing,donation processing
Pinpoint Media LLC,Media Placement - TV/Cable/Digital (Paid 1/28/2016-Previously Disclosed),tv advertising
FORTH RIGHT STRATEGY INC,VOTER CONTACT MAIL,mail voter contact
i360,Predictive dialer minutes,phone voter contact
FORTH RIGHT STRATEGY INC,VOTER CONTACT MAIL,mail voter contact
Make DC Listen,Donation Processing,donation processing
"Outlaw Media, LLC",media production-also opposes Trump,tv advertising
INFOCISION MANAGEMENT CORP,VOTER CONTACT,voter contact
"WildFire Contact, LLC",Direct Mail,mail voter contact
ELead Resources,Printing & shipping,promotional
HSP Direct LLC,Direct mail creative fee estimate of nationwide DM opposing Hillary Clinton. DMs sent on 2/22/16.,mail voter contact
Carter Printing Company,Door Hangers,promotional
Katrina S Bragg,Deliver Mailings,mail voter contact
Tusk Digital,online advertising,online advertising
STRIPES AGENCY LLC,DIGITAL MEDIA PRODUCTION/PLACEMENT - SEE RED METRICS 11-10-15,online advertising
SWIFTKURRENT,ADVERTISING - ONLINE,online advertising
"CCAN Media, LLC",Television advertising,tv advertising
The Prosper Group Corporation,Digital Advertising - Facebook,online advertising
Club for Growth,"TV ad production costs, Math",tv advertising
CLIENT FIRST CONSULTING GROUP LLC,VOTER CONTACT CALLS OVER NEXT SEVERAL WEEKS,phone voter contact
WESTLAND PRINTERS,FULFILLMENT ITEMS,promotional
"MCCARTHY HENNINGS WHALEN, INC.",MEDIA PRODUCTION,tv advertising
REDWAVE COMMUNICATIONS LLC,DIRECT MAIL POSTAGE,mail voter contact
American Media and Advocacy Group,Radio Media Buy,radio advertising
APUS MEDIA INC.,TV/MEDIA PRODUCTION,tv advertising
USPS,Postage,mail voter contact
"WildFire Contact, LLC",Direct Mail,mail voter contact
K&R Branding Solutions,Printing and Shipping - T-Shirts,promotional
RIGEL STRATEGIES LLC,MEDIA,radio advertising
Donor Bureau,Mailing list modeling for DM opposing Hillary Clinton (see 48 hr report filed on 1/8/2016),mail voter contact
"Revive America, LLC",voter contact-emails,email voter contact
"WildFire Contact, LLC",Direct Mail,mail voter contact
"King Strategic Communications, Inc.",MAIL,mail voter contact
INFOCISION MANAGEMENT CORP,VOTER CONTACT,voter contact
Wilson Grand Communications,TV/Online Media Production,online advertising
"MCCARTHY HENNINGS WHALEN, INC.",MEDIA PRODUCTION,tv advertising
Club for Growth,internet communications (from advance line 21),online advertising
Mountaintop Media,Social Media Advertising,online advertising
SWIFTKURRENT,ADVERTISING - ONLINE,online advertising
AMM Political,Phones,phone voter contact
"West Virginians for Life, Inc.",Printing Labels,mail voter contact
"MCCARTHY HENNINGS WHALEN, INC.",MEDIA PRODUCTION - ALSO OPPOSE TRUMP,tv advertising
Kelly Press,Printing and Design - Signs,promotional
SWIFTKURRENT,ADVERTISING - ONLINE,online advertising
Mineral Daily News Tribune,Ad,newspaper advertising
Club for Growth,internet communications (from advance line 21),online advertising
Old Towne Media,Television Advertisement,tv advertising
"MCCARTHY HENNINGS WHALEN, INC.",MEDIA PRODUCTION,tv advertising
FORTH RIGHT STRATEGY INC,VOTER CONTACT MAIL,mail voter contact
Kelly Press,Printing and Design - Signs,promotional
Facebook,Facebook ad,online advertising
"RIGHT STRATEGIES, LLC",ADVERTISING - ONLINE,online advertising
National Nurses United,Online Ad,online advertising
"West Virginians for Life, Inc.",Postage,mail voter contact
YOUTUBE,DIGITAL MEDIA PRODUCTION/PLACEMENT - SEE RED METRICS 12-10-15,online advertising
"RIGHT STRATEGIES, LLC",ADVERTISING - ONLINE,online advertising
INFOCISION MANAGEMENT CORP,VOTER CONTACT CALLS,phone voter contact
The Prosper Group Corporation,Digital Advertising - Google,online advertising
"Target Enterprises, LLC",media placement-also opposes Trump,tv advertising
Cyera Bonner,Paid Distribution - Another Feminist for Hillary,tv advertising
"Target Enterprises, LLC",online advertising,online advertising
"THE STONERIDGE GROUP, LLC",DIRECT MAIL PRODUCTION,mail voter contact
Tecre Co.,promotional buttons,promotional
The Prosper Group Corporation,Digital Advertising - Twitter,online advertising
INFOCISION MANAGEMENT CORP,VOTER CONTACT OVER SEVERAL WEEKS,voter contact
"On the Mark Direct, LLC",direct mail services,mail voter contact
Tusk Digital,online advertising,online advertising
Mountaintop Media,Radio Buy & Production,radio advertising
FORTH RIGHT STRATEGY INC,VOTER CONTACT MAIL,mail voter contact
INFOCISION MANAGEMENT CORP,VOTER CONTACT CALLS,phone voter contact
INFOCISION MANAGEMENT CORP,VOTER CONTACT CALLS,phone voter contact
The Prosper Group Corporation,Digital Advertising - Facebook,online advertising
USPS,Postage,mail voter contact
FORTH RIGHT STRATEGY INC,VOTER CONTACT MAIL,mail voter contact
FORTH RIGHT STRATEGY INC,VOTER CONTACT MAIL,mail voter contact
Club for Growth,press release (from advance line 21),public relations
The Prosper Group Corporation,Digital Advertising - Google,online advertising
INFOCISION MANAGEMENT CORP,VOTER CONTACT CALLS,phone voter contact
Dr. Don's Buttons,Buttons,promotional
Human Rights Campaign,"Web/email content staff time, nationally distributed - $43.61 per state for 50 states",email voter contact
"King Strategic Communications, Inc.",MAIL,mail voter contact
USPS,POSTAGE,mail voter contact
"Postal Systems, Inc.",Postage,mail voter contact
Big Eye Direct,"mail production costs, postage",mail voter contact
Arena Online,Media placement,tv advertising
Hackney & Hackney,Media,tv advertising
Red Eagle Media Group,Media placement,tv advertising
A1 VAN AD ITEMS,FULFILLMENT ITEMS - CLOTHING,promotional
Hotels.com,Hotel for volunteers,travel
Fairmont Printing,Printing,promotional
GCW Media Services,Media placement,tv advertising
SWIFTKURRENT,ADVERTISING - ONLINE,online advertising
Thomas Bemak,Salary and Benefits,payroll
FORTH RIGHT STRATEGY INC,VOTER CONTACT MAIL,mail voter contact
"Chris Mottola Consulting, Inc.",media production,tv advertising
"THE STONERIDGE GROUP, LLC",DIRECT MAIL PRODUCTION,mail voter contact
SPECTRUM MARKETING COMPANIES,DIRECT MAIL POSTAGE-ALSO OPPOSE TRUMP,mail voter contact
AMM Political,Phones,phone voter contact
Mountaintop Media,Media Production,advertising
FORTH RIGHT STRATEGY INC,VOTER CONTACT MAIL,mail voter contact
Victricia Chandler,Estimated Cost for Operations Director Services 4/28-5/4,payroll
Waterfront Strategies,Television Advertising,tv advertising
SWIFTKURRENT,ADVERTISING - ONLINE,online advertising
SWIFTKURRENT,ADVERTISING - ONLINE,online advertising
Waterfront Strategies,Television Advertising,tv advertising
Human Rights Campaign,"Video production, staff time, nationally distributed - $8.58 per state for 35 states",tv advertising
The Prosper Group Corporation,Digital Advertising - Facebook,online advertising
The Prosper Group Corporation,Digital Advertising - Facebook,online advertising
FORTH RIGHT STRATEGY INC,VOTER CONTACT MAIL,mail voter contact
The Prosper Group Corporation,Digital Advertising - Facebook,online advertising
INFOCISION MANAGEMENT CORP,VOTER CONTACT OVER SEVERAL WEEKS,voter contact
Club for Growth,internet communication (from advance line 21),online advertising
Sierra Club,Web Endorsement,online advertising
INFOCISION MANAGEMENT CORP,VOTER CONTACT CALLS,phone voter contact
Apple Direct Mail Services Ltd.,postage - fundraising,mail voter contact
STRIPES AGENCY LLC,DIGITAL MEDIA PRODUCTION/PLACEMENT - SEE RED METRICS 11-10-15,online advertising
INFOCISION MANAGEMENT CORP,VOTER CONTACT CALLS,phone voter contact
The Prosper Group Corporation,Digital Advertising - Twitter,online advertising
Strive Communications,mail production costs,mail voter contact
Gumbinner Davies and Simpson,"Adjusted payment of I.E. disseminated on 10/17/14,10/22/14,10/27/14. IDs B537029, B537739, B537740",amendment
"Target Enterprises, LLC",media placement,tv advertising
"WildFire Contact, LLC",Direct Mail,mail voter contact
Go BIG Media Inc,Media Buy,tv advertising
INTEGRAM,VOTER MAIL - PRINTING & MAILSHOP,mail voter contact
"Target Enterprises, LLC",media placement,tv advertising
FORTH RIGHT STRATEGY INC,VOTER CONTACT MAIL,mail voter contact
"First Tuesday Strategies, LLC",telephone calls,phone voter contact
MDI IMAGING & MAIL,DIRECT MAIL - PRINTING,mail voter contact
Pinpoint Media LLC,Media Buy - TV,tv advertising
Thomas Graphics Inc,IE-Glenn-Postage,mail voter contact
"MCCARTHY HENNINGS WHALEN, INC.",MEDIA PRODUCTION,tv advertising
Image Pointe,Estimated Cost:  Skullies,promotional
FORTH RIGHT STRATEGY INC,VOTER CONTACT MAIL,mail voter contact
NOVA List Company,Mailing list brokerage fees for DM opposing Hillary Clinton (see 48 hr report filed 3/25/2016),mail voter contact
Staples,postage to publicize promotional event,mail voter contact
The Prosper Group Corporation,Digital Advertising - Facebook,online advertising
"Outlaw Media, LLC",Online Advertising Production,online advertising
FORTH RIGHT STRATEGY INC,VOTER CONTACT MAIL,mail voter contact
INFOCISION MANAGEMENT CORP,VOTER CONTACT,voter contact
"McNally Temple Associates, Inc.",Direct Mail Services; Dissemination Date 05/26/16,mail voter contact
The Prosper Group Corporation,Digital Advertising - Google,online advertising
Mountaintop Media,Media Buy,tv advertising
Konika Minolta Premier Finance,copying materials for organizing,business expense
Facebook,Advertising - Digital,online advertising
"Target Enterprises, LLC",media placement,tv advertising
Senate Conservatives Fund,IE-Lee-Donation Processing,donation processing
Big Eye Direct,"mail production costs, postage",mail voter contact
"McNally Temple Associates, Inc.",Direct Mail Services; Dissemination Date 05/20/16,mail voter contact
Adam Mason,staff time,payroll
The Prosper Group Corporation,Digital Advertising - Google,online advertising
ADZIG,FULFILLMENT ITEMS - DECALS,promotional
REVOLUTION AGENCY,MEDIA PRODUCTION,tv advertising
American Action News Llc,December Monthly Online Advertising Fees,online advertising
"SAVANNA COMMUNICATIONS, LLC",SOCIAL MEDIA ADVERTISING,online advertising
National Nurses United,Online Ad,online advertising
National Nurses United,Payroll,payroll
YOUTUBE,DIGITAL MEDIA PRODUCTION/PLACEMENT - SEE RED METRICS 1-4-16,online advertising
Envision Printers/Marketing,IE-Lee-Direct Mail Production,mail voter contact
720 Strategies LLC,Online Ad Costs,online advertising
Old Towne Media,Television Advertisement,tv advertising
"Chris Mottola Consulting, Inc.",media production,tv advertising
INFOCISION MANAGEMENT CORP,VOTER CONTACT CALLS,phone voter contact
M+R Strategic Services,E-mail copywriting,email voter contact
Advantage Direct,PAC Voter ID Program,voter contact
Club for Growth,phone solicitations (from advance line 21),phone voter contact
Senate Conservatives Fund,IE-DeSantis-Donation Processing,donation processing
"West Virginians for Life, Inc.",Printing,promotional
CRYSTAL PRESS,BANNER,promotional
CAMPAIGN FUNDING DIRECT,AGENCY FEES - CONSULTING,consulting
SWIFTKURRENT,ADVERTISING - ONLINE,online advertising
INFOCISION MANAGEMENT CORP,VOTER CONTACT CALLS OVER SEVERAL WEEKS,voter contact
Big Eye Direct,"mail production costs, postage",mail voter contact
Valley Press,Envelopes for DM opposing Hillary Clinton (see 48 hr report filed on 1/8/2016),mail voter contact
"Planned Parenthood Minnesota, North Dakota, South Dakota",Salary,payroll
CP DIRECT,PRINTING,promotional
SWIFTKURRENT,ADVERTISING - ONLINE,online advertising
SWIFTKURRENT,ADVERTISING - ONLINE,online advertising
Organize Now Inc,Canvassing Services,canvassing
Blueprint Interactive,Online Advertising,online advertising
Thomas J. Dekemper,Canvassing Consulting Services for 3/28-3/31,canvassing
Club for Growth,internet communications (from advance line 21),online advertising
"Norway Hill Associates, Inc.",direct voter contact/direct marketing,mail voter contact
The Prosper Group Corporation,Digital Advertising - Facebook,online advertising
"FREEDOM PARTNERS CHAMBER OF COMMERCE, INC.",EMAIL MARKETING EXPENSE,email voter contact
INFOCISION MANAGEMENT CORP,VOTER CONTACT CALLS,phone voter contact
SWIFTKURRENT,ADVERTISING - ONLINE,online advertising
INFOCISION MANAGEMENT CORP,VOTER CONTACT,voter contact
Club for Growth,tv ad production costs (from advance line 21),tv advertising
Club for Growth,internet communications (from advance line 21),online advertising
OMEGA LIST COMPANY,LIST RENTAL EXPENSES,voter contact
Letter23,Convention materials and expenditures ,convention
"West Virginians for Life, Inc.",Travel/Deliver Mailings,travel
"SRCP Media, Inc.","Advertising - TV - also opposes Trump, Rubio",tv advertising
"Bronstein & Weaver, Inc.",Media - TV commercial,tv advertising
OnMessage Inc.,Media,advertising
Show Nets - Custom Internet Solutions,"Phone Bill-Phone Bank, Estimate",phone voter contact
Club for Growth,phone solicitations (from advance line 21),phone voter contact
FORTH RIGHT STRATEGY INC,VOTER CONTACT MAIL,mail voter contact
Arena Online,Digital Advertising,online advertising
Campus Coach Lines,Bus for volunteers,travel
FORTH RIGHT STRATEGY INC,VOTER CONTACT MAIL,mail voter contact
Monticello Media LLC,Advertising - Radio,radio advertising
EDDIE  FACEY,BROCHURES,promotional
Gloria Restrepo,Estimated Cost for Financial Management Services of Canvassing Prog. 4/28-5/4,canvassing
"West Virginians for Life, Inc.",Postage,mail voter contact
P+R Productions,Federal Video Ad Production,tv advertising
"Planned Parenthood Hudson Peconic Action Fund, Inc","Travel-Canvas, Estimate",travel
"Planned Parenthood Hudson Peconic Action Fund, Inc","Travel-Canvas, Estimate",canvassing
Martina Bryant,Estimated Cost for Canvassing Services 4/13-4/20,canvassing
Club for Growth,phone solicitations (from advance line 21),phone voter contact
FORTH RIGHT STRATEGY INC,VOTER CONTACT MAIL,mail voter contact
Club for Growth,phone solicitations (from advance line 21),phone voter contact
Eduardo Garcia,Estimated Cost for Canvassing Services 4/13-4/20,canvassing
WESTLAND PRINTERS,FULFILLMENT ITEMS - BOOKS,promotional
USPS,Postage,mail voter contact
FORTH RIGHT STRATEGY INC,VOTER CONTACT MAIL,mail voter contact
INFOCISION MANAGEMENT CORP,VOTER CONTACT,voter contact
The Prosper Group Corporation,Digital Advertising - Twitter,online advertising
Armour Media,Television Production,tv advertising
NOVA List Company,Mailing list brokerage fees for DM opposing Hillary Clinton (see 48 hr report filed 1/8/2016),mail voter contact
INFOCISION MANAGEMENT CORP,VOTER CONTACT,voter contact
"Voter Contact Services, LLC","Voter contact - field staff, technology, and data management",voter contact
REDWAVE COMMUNICATIONS LLC,DIRECT MAIL PRODUCTION,mail voter contact
FORTHRIGHT STRATRGIES INC,VOTER CONTACT MAIL,mail voter contact
"On the Mark Direct, LLC",direct mail services,mail voter contact
CLIENT FIRST CONSULTING GROUP LLC,VOTER CONTACT CALLS OVER NEXT SEVERAL WEEKS,phone voter contact
SWIFTKURRENT,ADVERTISING - ONLINE,online advertising
Amerimail Digital Direct,Direct Mail,mail voter contact
Kelly Press,Printing and Shipping - Rally Signs,promotional
SISK FULFILLMENT SERVICES,DIRECT MAIL - POSTAGE,mail voter contact
ACTIVE ENGAGEMENT LLC,ONLINE VOTER CONTACT,online advertising
INFOCISION MANAGEMENT CORP,VOTER CONTACT,voter contact
CAMPAIGN FUNDING DIRECT,AGENCY FEES - CONSULTING,consulting
SEIU General Fund,Estimated Cost:  Stickers,promotional
"McCarthy Hennings Whalen, Inc.",Advertising - Production,tv advertising
REVOLUTION AGENCY,MEDIA PRODUCTION,tv advertising
"MCBREARTY & ASSOCIATES, LLC",GOTV CALLS,phone voter contact
FORTHRIGHT STRATRGIES INC,VOTER CONTACT MAIL,mail voter contact
Club for Growth,internet communications (from advance line 21),online advertising
SWIFTKURRENT,ADVERTISING - ONLINE,online advertising
SWIFTKURRENT,ADVERTISING - ONLINE,online advertising
SWIFTKURRENT,ADVERTISING - ONLINE,online advertising
Budget,Rental Van,travel
The Prosper Group Corporation,Digital Advertising - Facebook,online advertising
Precision Network LLC,Digital Ad Buy - Actual costs; Estimates reported on 2/27 IE Report,online advertising
REVOLUTION MEDIA GROUP,DIGITAL MEDIA PLACEMENT,online advertising
INFOCISION MANAGEMENT CORP,VOTER CONTACT CALLS OVER SEVERAL WEEKS,phone voter contact
"Target Enterprises, LLC",online advertising-also opposes Trump/ad change,online advertising
AMERICAN UNIONS EMBROIDERY AND SCREEN,T-SHIRTS,promotional
Old Towne Media,Television Advertisement,tv advertising
Cheltenham Printing,promotional signs printing,promotional
INFOCISION MANAGEMENT CORP,VOTER CONTACT,voter contact
ADVICTORY,ONLINE ADVERTISING - NATIONALLY DISTRIBUTED,online advertising
Beaconfire RedEngine,Estimated Cost:  Digital Advertising Production,online advertising
SWIFTKURRENT,ADVERTISING - ONLINE,online advertising
FORTHRIGHT STRATRGIES INC,VOTER CONTACT MAIL,mail voter contact
FORTHRIGHT STRATRGIES INC,VOTER CONTACT MAIL,mail voter contact
DSSI,VOTER MAIL - DATA PROCESSING,mail voter contact
REDWAVE COMMUNICATIONS LLC,"DIRECT MAIL PRODUCTION-ALSO OPPOSE TRUMP, CRUZ AND RUBIO",mail voter contact
OnMessage Inc.,Media,advertising
Senate Conservatives Fund,IE-Davidson-Donation Processing,donation processing
FORTHRIGHT STRATRGIES INC,VOTER CONTACT MAIL,mail voter contact
TM Design Corporation,promotional tshirts (staff paid then was reimbursed),promotional
Audience Partners,Media Production,advertising
US Post Office,mailing materials,mail voter contact
Creative Response Concepts,press release distribution,
Jamestown Associates,IE-Glenn-Media Production,
"SPL Strategies, LLC",Media production,
GOOGLE,DIGITAL MEDIA PRODUCTION/PLACEMENT - VIRGINIA,
"King Strategic Communications, Inc.",VOTER MAIL,
"First Tuesday Strategies, LLC",telephone calls,
SWIFTKURRENT,ADVERTISING - ONLINE,
YOUTUBE,DIGITAL MEDIA PRODUCTION/PLACEMENT - SEE RED METRICS 1-4-16,
INFOCISION MANAGEMENT CORP,VOTER CONTACT CALLS,
"Bask Digital Media, LLC","Digital ad placement, production costs, Math",
SEIU Local 21 LA,Phone Banking,
DDC,ONLINE ADVERTISING - SEE NOTICE FILED 4/20/16,
The Prosper Group Corporation (via Pinpoint Media LLC),Digital Advertising - Facebook/Google,
Lloyd Franklin,Salary and Benefits,
Club for Growth,email costs (from advance line 21),
CRC/Creative Response Concepts,Facebook Ad Campaign,
"West Virginians for Life, Inc.",Postage and Printing,
Shorr Johnson Magnus,Video Production (Estimate),
Senate Conservatives Fund,IE-Banks-Donation Processing,
Pinpoint Media LLC,Media Buy - Digital,
SISK FULFILLMENT SERVICES,POSTAGE,
Senate Conservatives Fund,IE-DeSantis-Donation Processing,
FORTH RIGHT STRATEGY INC,VOTER CONTACT MAIL,
The Prosper Group Corporation,Digital Advertising - TubeMogul,
INFOCISION MANAGEMENT CORP,VOTER CONTACT CALLS OVER SEVERAL WEEKS,
"McCarthy Hennings Whalen, Inc.",Advertising - Production,
FORTH RIGHT STRATEGY INC,VOTER CONTACT MAIL,
"MAJORITAS USA, LLC",DIGITAL MEDIA PRODUCTION/PLACEMENT - NORTH CAROLINA,
Real Magnet,IE-Email Service-Holding,
Club for Growth,internet communication (from advance line 21),
"CD, Inc.",December Monthly Online Advertising,
SWIFTKURRENT,ADVERTISING - ONLINE,
3 West Club,"fundraising event space, catering",
Arena Online,Media placement,
The Prosper Group Corporation,Digital Advertising - Twitter (Paid 2/11/2016),
FORTHRIGHT STRATRGIES INC,VOTER MAIL,
INFOCISION MANAGEMENT CORP,VOTER CONTACT CALLS,
"RIGHT STRATEGIES, LLC",ADVERTISING - ONLINE,
REVOLUTION AGENCY,MEDIA PRODUCTION,
"Binnie Media/Carlisle One Media, Inc","Advertising - Radio (Reported as WEMJ -300, NH1 News - 900 on 24-Hour Report)",
Latino Print Network,Advertising,
The Prosper Group Corporation,Digital Advertising - Google (Paid 2/11/2016),
406 Enterprises LLC,Mobile advertisting (placement),
Linemark Printing,Buttons,
Konika Minolta Premier Finance,copying materials for organizing,
"League of Conservation Voters, Inc.",Staff Time for Press Release,
Lydia Kelly,Salary and Benefits,
FORTH RIGHT STRATEGY INC,VOTER CONTACT MAIL,
Club for Growth,internet communications (from advance line 21),
WERPOLITICS,DIGITAL ADVERTISING,
RIGEL STRATEGIES LLC,MEDIA,
INFOCISION MANAGEMENT CORP,VOTER CONTACT CALLS,
Bergmann Zwerdling Direct,Direct Mail,
Planned Parenthood Advocates of Wisconsin,"Travel-Canvas, Estimate",
"Target Enterprises, LLC",media placement-National-also oppose Bush and Clinton,
Latino Print Network,Advertising,
Xaviera Ramos,Estimated Cost for Canvassing Services 4/21-4/27,
Tusk Digital,online advertising-nationally disseminated,
SEIU General Fund,Estimated Cost:  Rally Signs,
"West Virginians for Life, Inc.",Printing,
Mitch Emerson,Payment for Canvassing Consulting Services for 3/28-3/31 as Disclosed on 3/30 48-Hour Report,
The Prosper Group Corporation,Digital Advertising - Facebook (Previously Disclosed),
FORTH RIGHT STRATEGY INC,VOTER CONTACT MAIL,
BIGEYE DIRECT,DIRECT MAIL EXPENSE,
"Fletcher Rowley, Inc.",Website Design and Management,
Arena Online,Media placement,
Mountaintop Media,Radio Ad,
Lydia Kelly,Salary and Benefits,
"FatLab, LLC",web page design,
SWIFTKURRENT,ADVERTISING - ONLINE,
REVOLUTION AGENCY,MEDIA PRODUCTION,
Cardenas Strategy Group,Partial Payment for Radio Ad Production Disclosed on 2/16 24-Hr Rpt.,
Iowa Farner Today,Newspaper Advertisement,
USPS,Postage,
The Prosper Group Corporation,Digital Advertising - Google,
Tusk Digital,online advertising,
Club for Growth,email costs (from advance line 21),
Autumn Press,Printing,
The Prosper Group Corporation,Digital Advertising - Google,
Planned Parenthood Federation of America Inc.,List rental,
The Prosper Group Corporation,Digital Advertising - Facebook,
GOOGLE,DIGITAL MEDIA PRODUCTION/PLACEMENT - LOUISIANA,
Image Pointe,T-shirts,
Something Else Strategies,TV and Digital Media advertisement US in support of Martha Roby 2/17 - 3/1.,
Club for Growth,phone solicitations (from advance line 21),
"West Virginians for Life, Inc.",Postage and Printing,
FORTHRIGHT STRATRGIES INC,VOTER MAIL,
"West Virginians for Life, Inc.",Travel/Deliver Mailings,
Club for Growth,email costs (from advance line 21),
The Prosper Group Corporation,Digital Advertising - Twitter,
"MCCARTHY HENNINGS WHALEN, INC.",MEDIA PRODUCTION,
Planned Parenthood Federation of America Inc.,List rental,
Autumn Press,Printing,
Iowa Farner Today,Newspaper Advertisement,
"AMS Communications, Inc.",Mail Production and Postage Costs,
Shorr Johnson Magnus,Media Production Costs - Estimate,
Big Eye Direct,"mail production costs, postage",
REVOLUTION AGENCY,MEDIA PRODUCTION,
"WildFire Contact, LLC",Direct Mail,
"Red Sea, LLC","tv ad air buy, production costs",
"Wright's Printing & Marketing, LLP",Countywide Mailer,
National Nurses United,Payroll,
Hopkins Sachs,"Payment for IEs disseminated on 10/17/14 and 10/23/14; Trans ID B537030, B537026",
KYOK,Radio Ads,
INFOCISION MANAGEMENT CORP,VOTER CONTACT CALLS,
"New Day Media, LLC",Media Buy,
CAMPAIGN SOLUTIONS,ESTIMATE OF FEBRUARY MONTHLY FACEBOOK ADVERTISING,
SWIFTKURRENT,ADVERTISING - ONLINE,
Make DC Listen,Donation Processing,
FORTH RIGHT STRATEGY INC,VOTER CONTACT MAIL,
GOOGLE,MEDIA PLACEMENT - DIGITAL (Estimate),
Mustard Seed Media LLC,IE-Thomas-Email Marketing,
FORTH RIGHT STRATEGY INC,VOTER CONTACT MAIL,
ALLMAIL USA INC.,DIRECT MAIL - PRINTING AND POSTAGE,
INFOCISION MANAGEMENT CORP,VOTER CONTACT,
Precision Network LLC,Digital Ad Buy,
TMA DIRECT INC,eMAIL VOTER CONTACT,
i360,Predictive dialer minutes,
The Prosper Group Corporation,Digital Advertising - Facebook,
Club for Growth,press release (from advance line 21),
API,T-Shirts/Wristbands,
ADVANTAGE INC,PHONE CALLS,
INFOCISION MANAGEMENT CORP,VOTER CONTACT CALLS,
Fryed Solutions LLC,Website listing (February 1 - April 30),
FORTHRIGHT STRATRGIES INC,VOTER CONTACT MAIL,
"Victory Enterprises, Inc.",Online Advertising - Facebook (Estimate),
HARPER COLLINS PUBLISHERS,FULFILLMENT ITEMS - BOOKS,
Google,Digital Advertising,
Targeted Victory,online advertising,
FORTH RIGHT STRATEGY INC,VOTER CONTACT MAIL,
INFOCISION MANAGEMENT CORP,VOTER CONTACT CALLS,
FACEBOOK,DIGITAL MEDIA PRODUCTION/PLACEMENT - SEE RED METRICS 12-10-15,
North Wood Advertising,Radio,
Mountaintop Media,Media buy,
"THE STONERIDGE GROUP, LLC","DIRECT MAIL PRODUCTION-ALSO OPPOSE KASICH, CHRISTIE AND RUBIO",
REVOLUTION AGENCY,MEDIA PRODUCTION,
MERRIMACK JOURNAL,ADVERTISING - PRINT,
"First Tuesday Strategies, LLC",telephone calls,
"Target Enterprises, LLC",media placement,
OFFICE DEPOT,MAILING SUPPLIES,
SWIFTKURRENT,ADVERTISING - ONLINE,
The Prosper Group Corporation,Digital Advertising - Facebook,
FORTH RIGHT STRATEGY INC,VOTER CONTACT MAIL,
Facebook,Advertising,
Make DC Listen,Online Donation Processing,
INFOCISION MANAGEMENT CORP,VOTER CONTACT,
"Target Enterprises, LLC",media placement,
Busy Beaver Button Company,Buttons and stickers Minnesota Loves Hillary,
Liftable Media,Advertising,
The Prosper Group Corporation (via Pinpoint Media LLC),Digital Advertising - Facebook/Google/Twitter,
FORTH RIGHT STRATEGY INC,VOTER CONTACT MAIL,
Club for Growth,"Digital ad production costs, Math",
Matthew Covington,"staff time, voter contact",
"RIGHT STRATEGIES, LLC",ADVERTISING - ONLINE,
Connect Strategic Communications LLC,IE-Ward-Digital Ads,
Digital Turf,Digital Advertising,
DSSI,VOTER MAIL - DATA PROCESSING,
Jacob Pritchard,Salary and Benefits,
"Target Enterprises, LLC",media placement,
CLIENT FIRST CONSULTING GROUP LLC,VOTER CONTACT CALLS OVER NEXT SEVERAL WEEKS,
INFOCISION MANAGEMENT CORP,VOTER CONTACT,
"Target Enterprises, LLC",online advertising-also oppose Bush and Clinton,
Elena Blanc,salary (w/ taxes & benefits) for work producing IEs,
INFOCISION MANAGEMENT CORP,VOTER CONTACT CALLS OVER SEVERAL WEEKS,
SPECTRUM MARKETING COMPANIES,DIRECT MAIL POSTAGE - ALSO OPPOSES RUBIO,
INFOCISION MANAGEMENT CORP,VOTER CONTACT CALLS,
Make DC Listen,Donation Processing,
DDC Advocacy,Online advertising,
FORTH RIGHT STRATEGY INC,VOTER CONTACT MAIL,
Club for Growth,internet communications (from advance line 21),
HSP Direct LLC,Direct mail production fee estimate of nationwide DM opposing Hillary Clinton. DMs sent on 4/25/16.,
Image Pointe,Estimated Cost:  Skullies,
SWIFTKURRENT,ADVERTISING - ONLINE,
Woodland Hills Printing,Banners,
"Target Enterprises, LLC",media placement,
CAMPAIGN FUNDING DIRECT,AGENCY FEES - CONSULTING,
"West Virginians for Life, Inc.",Postage and Printing,
"i360, LLC",Phone Bank,
Senate Conservatives Fund,IE-Lee-Donation Processing,
FORTH RIGHT STRATEGY INC,VOTER CONTACT MAIL,
SWIFTKURRENT,ADVERTISING - ONLINE,
Alliance Strategy Group,Email List Rental,
OATH STRATEGIES LLC,MEDIA PLACEMENT,
Elena Blanc,salary (w/ taxes & benefits),
FREEDOM COMMITTEE,Buisness Expense ,
Shirazcorp.com,Email Marketing,
"West Virginians for Life, Inc.",Printing,
Chatham Light Media LLC,Video Production,
Mundy Katowitz Media,Media Production,
The New Media Firm,Media Buy Digital,
FORTH RIGHT STRATEGY INC,VOTER CONTACT MAIL,
Tony Siciliani,Direct Mail Services and Postage; Dissemination Date 05/26/2016,
SWIFTKURRENT,ADVERTISING - ONLINE,
Carrie Mann,Salary,
DDC,Phone calls,
API,T-Shirts/Stickers/Buttons,
GOOGLE,DIGITAL MEDIA PRODUCTION/PLACEMENT - MINNESOTA,
Envision Printers/Marketing,IE-DeSantis-Direct Mail Production,
Facebook,Advertising - Digital,
North Wood Advertising,Radio,
Marnetta McCain,Salary and Benefits,
SWIFTKURRENT,ADVERTISING - ONLINE,
Time of Day Media,Online Advertising Production,
Printing Partners,IE-Direct Mail-Cruz,
Lydia Kelly,Salary and Benefits,
The Prosper Group Corporation,Digital Advertising - Facebook,
Club for Growth,internet communications (from advance line 21),
SWIFTKURRENT,ADVERTISING - ONLINE,
Senate Conservatives Fund,IE-Duncan-Donation Processing,
FORTH RIGHT STRATEGY INC,VOTER CONTACT MAIL,
FORTH RIGHT STRATEGY INC,VOTER CONTACT MAIL,
INFOCISION MANAGEMENT CORP,VOTER CONTACT,
Liz Marsis,Printing signs,
California Nurses Association,Online Ad,
U.S. Postal Service,IE-Lee-Postage,
"CCAN Media, LLC",Television advertising,
SWIFTKURRENT,ADVERTISING - ONLINE,
L2 POLITICAL DATA,LIST COSTS FOR IMC VOTER CONTACT PROGRAM,
Facebook,Online Advertising Buy,
"ACTIVE ENGAGEMENT, LLC",DIGITAL MEDIA PRODUCTION/PLACEMENT - TEXAS,
INFOCISION MANAGEMENT CORP,VOTER CONTACT OVER SEVERAL WEEKS,
FORTH RIGHT STRATEGY INC,VOTER CONTACT MAIL,
INFOCISION MANAGEMENT CORP,VOTER CONTACT CALLS,
"Digital Freedom, LLC",Advertising - digital,
"Revive America, LLC",voter contact-emails,
The Prosper Group Corporation,Digital Advertising - Google,
Human Rights Campaign,"Reimbursement for magazine photos, nationally distributed - $.74 per state for 49 states",
The Prosper Group Corporation,Digital Advertising - Google,
FORTH RIGHT STRATEGY INC,VOTER CONTACT MAIL,
SWIFTKURRENT,ADVERTISING - ONLINE,
RIGEL STRATEGIES LLC,MEDIA,
The Prosper Group Corporation,Digital Advertising - Twitter,
Club for Growth,tv ad production costs (from advance line 21),
FORTH RIGHT STRATEGY INC,VOTER CONTACT MAIL,
NCC MEDIA,CABLE BUY (2/4 - 2/12/2016),
Senate Conservatives Fund,IE-Lee-Donation Processing,
The Prosper Group Corporation,Digital Advertising - Facebook/Google,
Club for Growth,digital ad production costs (from advance line 21),
"Gateway Communications, Inc","design, printing and mailing of postcard",
Club for Growth,internet communications (from advance line 21),
Club for Growth,new tv ad production costs (pull from advance line 21),
Club for Growth,phone solicitations (from advance line 21),
"King Strategic Communications, Inc.",MAIL,
Facebook,Advertising - Digital,
Antonia Colodro,Production Costs,
Club for Growth,tv ad production costs (from advance line 21),
Clear Channel Outdoor,Printing,
DDC Advocacy,Direct mail services,
Herald Publishing Company,Newspaper Advertisement,
"Content Creative Media, LLC",Advertising - Media,
The Prosper Group Corporation,Digital Advertising - TubeMogul,
FORTH RIGHT STRATEGY INC,VOTER CONTACT MAIL,
MISSION PUBLIC AFFAIRS LLC,WEB AD,
USPS,Postage,
Make DC Listen,Donation Processing,
THE WASHINGTON TIMES,ADVERTISING - NATIONALLY DISTRIBUTED ,
USPS,Postage,
SWIFTKURRENT,ADVERTISING - ONLINE,
DDC Advocacy,Online advertising,
CHOCKLETT PRESS,FULFILLMENT ITEMS - BOOKLETS,
FORTH RIGHT STRATEGY INC,VOTER CONTACT MAIL,
The Orion CSU,Advertising,
Doyle Printing & Offset,Signage,
"West Virginians for Life, Inc.",Printing,
FORTH RIGHT STRATEGY INC,VOTER CONTACT MAIL,
"i360, LLC",Phone Bank,
INFOCISION MANAGEMENT CORP,VOTER CONTACT CALLS,
"AMS Communications, Inc.",Direct Mail,
M+R Strategic Services,E-mail copywriting,
Canal Partners Media LLC,Billboard,
"Outlaw Media, LLC",Online Advertising Production,
Outfront Media,Print Advertising,
Old Towne Media,Television Advertisement,
Targeted Victory,Voter contact-email,
"West Virginians for Life, Inc.",Postage and Printing,
Skyline,PAC Signs-Multiple States-See Text Above,
"Red Sea, LLC","tv ad air buy, production costs",
Jasuia Render,Salary and Benefits,
USPS,Postage,
Senate Conservatives Fund,IE-DeSantis-Donation Processing,
FORTH RIGHT STRATEGY INC,VOTER CONTACT MAIL,
Beacon Media,"Web video, nationally distributed - $232.50 per state for 50 states",
FORTH RIGHT STRATEGY INC,VOTER CONTACT MAIL,
SWIFTKURRENT,ADVERTISING - ONLINE,
Arena Online,Media placement,
Maria Patricia Medina,Estimated Cost for Canvassing Services 5/5-5/15,
FORTH RIGHT STRATEGY INC,VOTER CONTACT MAIL,
Club for Growth,internet communications (from advnace line 21),
Joshua Lewis,Salary and Benefits,
"RIGHT STRATEGIES, LLC",ADVERTISING - ONLINE,
INFOCISION MANAGEMENT CORP,VOTER CONTACT CALLS,
NG Slater Corp,Buttons,
Club for Growth,press release (from advance line 21),
Make DC Listen,Donation Processing,
REVOLUTION AGENCY,MEDIA PRODUCTION,
"Starch Creative, LLC",ESTIMATE: Media Production - Creative/Concept,
Club for Growth,phone solicitations (from advance line 21),
Outlaw Media,Media production,
DDC Advocacy,Direct voter contact/printing/shipping,
Club for Growth,email costs (from advance line 21),
FORTHRIGHT STRATRGIES INC,VOTER CONTACT MAIL,
Targeted Victory,online advertising,
Mountaintop Media,Social Media Buy,
Itzamna Translations Company,Translation fee,
The Prosper Group Corporation,Digital Advertising - Twitter (Previously Disclosed),
REVOLUTION AGENCY,MEDIA PRODUCTION,
Trader Joe's,refreshments for educational event,
"Target Enterprises, LLC",media placement,
The Prosper Group Corporation,Digital Advertising - Google,
"West Virginians for Life, Inc.",Printing,
Club for Growth,press release (from advance line 21),
InfoCision,Telemarketing calls opposing Hillary Clinton (see 48 hr report filed on 3/3/16),
Beaconfire RedEngine,Estimated Cost:  Digital Advertising Production,
"Target Enterprises, LLC",media placement,
"West Virginians for Life, Inc.",Deliver Mailings,
Daniel Garcia,Estimated Cost for Quality Control Coord. Services 4/21-4/27,
FORTH RIGHT STRATEGY INC,VOTER CONTACT MAIL,
EXORO STRATEGIES LLC,WEB AD PLACEMENT,
The Prosper Group Corporation,Digital Advertising - Twitter (Date Correction),
Petel & Company,Direct Mail Services,
Associated Students,Advertising,
OMEGA LIST COMPANY,LIST RENTAL EXPENSES,
"Staples, Dept 51-7811326924",paper for copying materials for organizing,
Club for Growth,"TV Ad production costs, Tough Guy",
Tusk Digital,online advertising-nationally disseminated,
"West Virginians for Life, Inc State PAC Fund",Postage,
Google,Digital Advertising,
SEIU General Fund,Estimated Cost:  Rally Signs,
The Printing Express ,GOTV Mailer,
FORTH RIGHT STRATEGY INC,VOTER CONTACT MAIL,
INFOCISION MANAGEMENT CORP,VOTER CONTACT CALLS,
"Dr. Don's Buttons, Badges and Magnets",Printing - Another Feminist for Hillary,
EXORO STRATEGIES LLC,WEB AD PLACEMENT,
The Prosper Group Corporation,Digital Advertising - Facebook/Google,
Precision Strategies,Research Memo,
AMERICAN LIBERTY GROUP,VOTER CONTACT CALLS,
YOUTUBE,DIGITAL MEDIA PRODUCTION/PLACEMENT - SEE RED METRICS 1-27-16,
FRONTLINE POLITICAL STRATEGY,GRASSROOTS CONSULTING (NON-CONTRIBUTION ACCOUNT),
OATH STRATEGIES LLC,MEDIA PLACEMENT - ALSO OPPOSES KASICH AND RUBIO,
John Noble,data entry and voter contact,
Global Intermediate LLC,Direct Mail - Postage & Production,
Maria Rivero,Estimated Cost for Canvassing Services 4/13-4/20,
Rigel Strategies LLC,Radio Buy and Production,
INFOCISION MANAGEMENT CORP,VOTER CONTACT CALLS,
Twitter Inc.,Digital Advertising,
"SRCP Media, Inc.",Advertising - TV,
Google Inc./Google AdWords,"Leadership Online Ad Placement (actual, not estimated)",
Tusk Digital,online advertising-nationally disseminated,
406 Enterprises LLC,Mobile advertising,
ActRight,Email Marketing,
Corporate Press Inc.,Printing and mailshop for DM opposing Hillary Clinton (see 48 hr report filed on 1/8/2016),
Facebook,Online Advertising Buy,
FORTH RIGHT STRATEGY INC,VOTER CONTACT MAIL,
GOOGLE,DIGITAL MEDIA PRODUCTION/PLACEMENT - ILLINOIS,
INFOCISION MANAGEMENT CORP,VOTER CONTACT CALLS,
EXORO STRATEGIES LLC,WEB AD PLACEMENT,
REVOLUTION MEDIA GROUP,MEDIA PLACEMENT,
"WildFire Contact, LLC",Direct Mail,
"MCCARTHY HENNINGS WHALEN, INC.","MEDIA PRODUCTION - ALSO OPPOSES TRUMP, CRUZ AND RUBIO",
Senate Conservatives Fund,IE-Lee-Online Processing,
SEIU General Fund,Estimated Cost:  Rally Signs,
FORTH RIGHT STRATEGY INC,VOTER CONTACT MAIL,
FORTH RIGHT STRATEGY INC,VOTER CONTACT MAIL,
SWIFTKURRENT,ADVERTISING - ONLINE,
RedPrint Strategy,Media production,
CLIENT FIRST CONSULTING GROUP LLC,VOTER CONTACT CALLS OVER NEXT SEVERAL WEEKS,
The Prosper Group Corporation (via Pinpoint Media LLC),Digital Advertising - Facebook/Google/Twitter,
National Nurses United,Payroll,
FACEBOOK,DIGITAL MEDIA PRODUCTION/PLACEMENT - SEE RED METRICS 1-4-16,
Autumn Press,Printing,
Aqueelah Goins,Salary and Benefits,
REVOLUTION AGENCY,MEDIA PRODUCTION,
"New Day Media, LLC",Media Buy,
REVOLUTION AGENCY,MEDIA PLACEMENT,
FORTH RIGHT STRATEGY INC,VOTER CONTACT MAIL,
Lydia Kelly,Salary and Benefits,
AMERICAN EXPRESS,"TELETOWN HALL ROOM, MEAL & MILEAGE",
Costco Wholesale,Estimated Cost for Canvassing Supplies 4/28-5/4,
INFOCISION MANAGEMENT CORP,VOTER CONTACT,
NOVA List Company,Mailing list brokerage fees for DM opposing Hillary Clinton (see 48 hr report filed 3/25/2016),
SWIFTKURRENT,ADVERTISING - ONLINE,
INFOCISION MANAGEMENT CORP,VOTER CONTACT CALLS,
FORTH RIGHT STRATEGY INC,VOTER CONTACT MAIL,
Campaign Solutions,Voter contact-email,
"WildFire Contact, LLC",Direct Mail,
STRIPES AGENCY LLC,DIGITAL MEDIA PRODUCTION/PLACEMENT - SEE RED METRICS 11-10-15,
Bryan Cleveland,Website Graphics and Design,
Kelly Press,Shipping - Signs,
Ben Washburn,Literature Distribution (Updated to Actual),
Community Outreach Group LLC,Persuasion Canvasses-Estimated Costs,
Staples,IE-Lee-Printing,
"Digital Freedom, LLC",Advertising - digital,
Revolution Agency,"TV and Digital Media Effective Conservative in support of Bradley Byrne, 2/17 - 3/1.",
"Content Creative Media, LLC",Media - TV advertisement placement.,
GOOGLE,DIGITAL MEDIA PRODUCTION/PLACEMENT - GEORGIA,
Julie Brown,Estimated Cost for Canvassing Services 3/28-3/31,
"GOP Swag, LLC",lapel pins,
MDI IMAGING & MAIL,DIRECT MAIL - POSTAGE,
Tusk Digital,online advertising,
Precision Network LLC,Digital Ad Buy,
FORTH RIGHT STRATEGY INC,VOTER CONTACT MAIL,
"West Virginians for Life, Inc.",Labels,
"Thomas Graphics, Inc.",Bumper Sticker Printing,
Rising Tide Interactive,Online advertising-Estimated costs,
Tusk Digital,online advertising,
"CCAN Media, LLC",Television advertising,
INFOCISION MANAGEMENT CORP,VOTER CONTACT,
Collective Copy,Flyers,
SWIFTKURRENT,ADVERTISING - ONLINE,
FORTH RIGHT STRATEGY INC,VOTER CONTACT MAIL,
THE PRINTING EXPRESS,MAILING COSTS,
The Prosper Group Corporation,Digital Advertising - Twitter,
"Connection Strategy, LLC",Phone Bank,
DDC Advocacy,Voter contact-telephone calls,
Old Towne Media,Television Advertisement,
INFOCISION MANAGEMENT CORP,VOTER CONTACT CALLS,
Tusk Digital,online advertising,
EXORO STRATEGIES LLC,WEB AD PLACEMENT,
FORTH RIGHT STRATEGY INC,VOTER CONTACT MAIL,
AXIOM STRATEGIES,MEDIA PRODUCTION / MEDIA PLACEMENT,
"Facebook, Inc.",Facebook Ads,
FORTH RIGHT STRATEGY INC,VOTER CONTACT MAIL,
"SPL Strategies, LLC",Media production-nationally disseminated,
INFOCISION MANAGEMENT CORP,VOTER CONTACT CALLS,
The Prosper Group Corporation,Digital Advertising - Facebook,
Senate Conservatives Fund,IE-DeSantis-Donation Processing,
Bank of Tuscaloosa,Deluxe Business Checks,
Club for Growth,press release (from advance line 21),
SWIFTKURRENT,ADVERTISING - ONLINE,
Itzamna Translations Company,Translation fee,
Mountaintop Media,Social Media Buy,
RAPID RESPONSE TELEVISION LLC [MEMO ITEM],DIGITAL MEDIA PRODUCTION/PLACEMENT - SEE RED METRICS 10-21-15,
The Prosper Group Corporation,Digital Advertising - Google,
SWIFTKURRENT,ADVERTISING - ONLINE,
Club for Growth,internet communications (from advance line 21),
Planned Parenthood Votes New Mexico,"Travel-Phone Bank, Estimate",
Creative Response Concepts,press release distribution,
WRNO 99.5FM/iHeart Media,12/4 and 12/5 Radio Advertising,
M+R Strategic Services,E-mail copywriting,
Pret A Manger,"Kids Online Ad Placement (actual, not estimated)",
REVOLUTION AGENCY,MEDIA PRODUCTION,
Pinpoint Media LLC,Media Placement - TV/Cable/Digital,
Dr. Don's Buttons,Buttons,
SWIFTKURRENT,ADVERTISING - ONLINE,
FORTH RIGHT STRATEGY INC,VOTER CONTACT MAIL,
"Facebook, Inc.",advertising for youth conference,
SRCP MEDIA INC. PRODUCTION,MEDIA PRODUCTION,
GATEWAY MEDIA,,
Big Eye Direct,"mail production costs, postage",
ADZIG,PRINTING,
CONSOLIDATED MAILING SERVICES,VOTER MAIL,
INFOCISION MANAGEMENT CORP,VOTER CONTACT,
Sierra Club,Web Endorsement,
Mason Video,Online Ad Production,
"SRCP Media, Inc.",Media Buy,
"West Virginians for Life, Inc.",Deliver Mailings,
ELead Resources,Printing,
"Mundy Katowitz Media, Inc.",Radio Media - 'Community',
Amerimail Digital Direct,Direct Mail,
Senate Conservatives Fund,IE-Stutzman-Donation Processing,
Joshua Lewis,Salary and Benefits,
FORTH RIGHT STRATEGY INC,VOTER CONTACT MAIL,
INFOCISION MANAGEMENT CORP,VOTER CONTACT CALLS,
GOOGLE,DIGITAL MEDIA PRODUCTION/PLACEMENT - MISSOURI,
Club for Growth,internet communications (from advance line 21),
VICTORY MEDIA GROUP,TELEMARKETING,
Club for Growth,tv ad production costs (from advance line 21),
"STRATEGIC PARTNERS & MEDIA, INC.",TV/MEDIA PRODUCTION,
RIGEL STRATEGIES LLC,MEDIA,
Hart Research Associates,Persuasion calls,
Hayden Printing,Printing for Candidate Support Mailing,
"West Virginians for Life, Inc.",Postage and Printing,
David McDougal,Estimated Cost for Field Director Services 5/5-5/15,
CAMPAIGN SOLUTIONS,ESTIMATED ONLINE VOTER CONTACT FOR JUNE,
REDWAVE COMMUNICATIONS LLC,DIRECT MAIL POSTAGE,
"PP Advocacy Fund of Massachusetts, Inc.","Travel-Phone Bank, Estimate",
EXORO STRATEGIES LLC,ONLINE ADVERTISING,
"RIGHT STRATEGIES, LLC",ADVERTISING - ONLINE,
Dr. Don's Buttons,Buttons,
USPS,Postage,
Strategy Group for Media,Ad production,
Atlas Direct Mail,direct mail express advocacy communication,
REVOLUTION AGENCY,MEDIA PLACEMENT,
The Pivot Group,Newspaper Advertising Design,
API,T-Shirts/Stickers/Buttons,
INFOCISION MANAGEMENT CORP,VOTER CONTACT CALLS OVER SEVERAL WEEKS,
ELEVENTY MARKETING GROUP LLC,eMAIL VOTER CONTACT,
Itzamna Translations Company,Translation fee,
Left Hand Design,PAC Graphic Design-See 1-13 IE,
Senate Conservatives Fund,IE-DeSantis-Donation Processing,
FORTH RIGHT STRATEGY INC,VOTER CONTACT MAIL,
Merrill Miller,household of Merrill Miller - in kind contribution of organizing materials,
Creative Response Concepts,press release distribution,
USPS,Postage,
Waterfront Strategies,Media Buy (Blackhawk),
"West Virginians for Life, Inc.",Travel/Deliver Mailings,
Carnegie Shell,Gas,
Waterfront Strategies,Media Buy,
Thomas Graphics,PAC Printing,
"West Virginians for Life, Inc.",Travel/Deliver Mailings,
Main Street Media Group,Advertising - TV,
REVOLUTION AGENCY,"MEDIA PRODUCTION - ALSO OPPOSES RUBIO, KASICH AND CHRISTIE",
FORTH RIGHT STRATEGY INC,VOTER CONTACT MAIL,
Club for Growth,internet communications (from advance line 21),
"McCarthy Hennings Whalen, Inc.",Media production,
"CCAN Media, LLC",Television advertising,
CAMPAIGN FUNDING DIRECT,AGENCY FEES - ONLINE,
Sierra Club,Web Endorsement,
"Victory Enterprises, Inc.",Online Advertising - Facebook,
The Prosper Group Corporation,Digital Advertising - Twitter,
SWIFTKURRENT,ADVERTISING - ONLINE,
INFOCISION MANAGEMENT CORP,VOTER CONTACT CALLS,
INFOCISION MANAGEMENT CORP,VOTER CONTACT CALLS,
The DVC Inquirer,Ad,
FORTH RIGHT STRATEGY INC,VOTER CONTACT MAIL,
"WildFire Contact, LLC",Direct Mail,
SKDKnickerbocker,Media Production Costs,
Content Creative Media,Media - TV advertisement placement.,
FUSE,Radio Ad Production,
"Planned Parenthood Minnesota, North Dakota, South Dakota",Fringe benefits,
EXORO STRATEGIES LLC,ONLINE ADVERTISING,
Senate Conservatives Fund,IE-Lee-Donation Processing,
FORTH RIGHT STRATEGY INC,VOTER CONTACT MAIL,
Image Pointe,Estimated Cost:  Skullies,
Club for Growth,phone solicitations (from advance line 21),
TARGETED VICTORY,ONLINE ADVERTISING,
RICHARD QUINN & ASSOCIATES,MESSAGE PHONE CALLS,
FACEBOOK,DIGITAL MEDIA PRODUCTION/PLACEMENT - SEE RED METRICS 1-4-16,
REVOLUTION AGENCY,MEDIA PLACEMENT,
FORTH RIGHT STRATEGY INC,VOTER CONTACT MAIL,
Fulfillment House,Postage for direct mail opposing Hillary Clinton (see 48 hr report filed 2/24/16),
Club for Growth,internet communications (from advance line 21),
DSSI,VOTER MAIL - DATA PROCESSING,
Precision Strategies,Press Tipsheet,
"Target Enterprises, LLC",online advertising-also opposes Trump and Cruz/ad change,
GOOGLE,DIGITAL MEDIA PRODUCTION/PLACEMENT - TENNESSEE,
OATH STRATEGIES LLC,MEDIA PLACEMENT,
"Target Enterprises, LLC",media placement-also opposes Trump and Cruz,
THE LUKENS COMPANY,DIRECT MAIL EXPENSE,
Koor Communications,Advertising - Radio,
INFOCISION MANAGEMENT CORP,VOTER CONTACT,
Senate Conservatives Fund,IE-Stutzman-Donation Processing,
Beacon Media,"Web Video, nationally distributed - $42.29 per state for 44 states",
Google,Digital Advertising,
Old Towne Media,Advertisement,
Kelly Press,Printing and Design - Signs,
Kelly Press,Printing and Shipping - Rally Signs,
CLIENT FIRST CONSULTING GROUP LLC,VOTER CONTACT CALLS OVER NEXT SEVERAL WEEKS,
FORTH RIGHT STRATEGY INC,VOTER CONTACT MAIL,
Beth Rader,Payroll & Benefits - Vote for Hillary (estimated),
Campaign Solutions,July Monthly External Deployment Costs,
FORTHRIGHT STRATRGIES INC,VOTER CONTACT MAILING,
"Target Enterprises, LLC",media placement,
"Outlaw Media, LLC",Online Advertising Production,
CLIENT FIRST CONSULTING GROUP LLC,VOTER CONTACT CALLS OVER NEXT SEVERAL WEEKS,
"HenryAlan, LLC","mail production costs, postage",
FORTH RIGHT STRATEGY INC,VOTER CONTACT MAIL,
Mountaintop Media,Media Production,
"WildFire Contact, LLC",Banner,
Club for Growth,digital ad production costs (from advance line 21),
Arianna Kendall,Payment for Canvassing Services 3/28-3/31 as Disclosed on 3/30 48-Hour Report,
Christian Printing,Direct Mail,
Aledo Grafix,PAC Promotional Items,
The Prosper Group Corporation,Digital Advertising - Google,
"Public Concepts, LLC",voter contact-telephone calls,
Senate Conservatives Fund,IE-Stutzman-Donation Processing,
INFOCISION MANAGEMENT CORP,VOTER CONTACT CALLS,
Senate Conservatives Fund,IE-Lee-Online Processing,
The Prosper Group Corporation,Digital Advertising - Twitter,
INFOCISION MANAGEMENT CORP,VOTER CONTACT OVER SEVERAL WEEKS,
STMP,Postage for direct mail opposing Hillary Clinton (see 48 hr report filed 12/18/2015),
K&R Branding Solutions,Printing and Shipping - Banners,
Senate Conservatives Fund,IE-Duncan-Donation Processing,
INFOCISION MANAGEMENT CORP,VOTER CONTACT CALLS,
EXORO STRATEGIES LLC,ONLINE ADVERTISING,
EXORO STRATEGIES LLC,ONLINE ADVERTISING,
REVOLUTION AGENCY,MEDIA PRODUCTION,
Michael Begin,Salary and Benefits,
ECG DATA CENTER,DIRECT MAIL - LIST MAINTENANCE,
Staples,IE-Stutzman-Printing,
The Prosper Group Corporation,Digital Advertising - Google,
CAF- PP Orange & San Bernardino Counties,"Travel-Phone Bank, Estimate",
"First Tuesday Strategies, LLC",voter contact-telephone calls,
"DOBIS, LLC ",Video Production ,
Melissa Grooters,voter contact,
ADZIG,FULFILLMENT ITEMS - BUTTONS,
SWIFTKURRENT,ADVERTISING - ONLINE,
"Target Enterprises, LLC",media placement,
"Precision Network, LLC","Media Buy Digital (Previously reported as est. of $179,009.45)",
FORTH RIGHT STRATEGY INC,VOTER CONTACT MAIL,
Bookbag Video,Press Release/Social Media Video,
MAJORITY STRATEGIES INC,PRINTING,
FORTH RIGHT STRATEGY INC,VOTER CONTACT MAIL,
"West Virginians for Life, Inc.",Deliver Mailings,
Staples,IE-Lee-Postage,
OATH STRATEGIES LLC,MEDIA PLACEMENT,
SWIFTKURRENT,ADVERTISING - ONLINE,
"Outlaw Media, LLC",Online Advertising Production,
"GrassRoots Unwired, Inc.",Tablets and Web Fees,
The Prosper Group Corporation,Digital Advertising - Twitter,
"Connection Strategy, LLC",Phone calls,
Planned Parenthood Votes South Atlantic,"Travel-Phone Bank, Estimate",
INFOCISION MANAGEMENT CORP,VOTER CONTACT CALLS,
Emily Harmon,staff time and voter contact,
HSP Direct LLC,Creative fee for direct mail opposing Hillary Clinton (see 48 hr report filed 12/02/2015),
FORTH RIGHT STRATEGY INC,VOTER MAIL,
DDC Advocacy,Voter contact-telephone calls,
DDC Advocacy,Online advertising,
Senate Conservatives Fund,IE-Stutzman-Donation Processing,
The Prosper Group Corporation (via Pinpoint Media LLC),Digital Advertising - Facebook,
CP DIRECT,FULFILLMENT ITEMS - BOOKLETS,
"McCarthy Hennings Whalen, Inc.",Media production,
FORTH RIGHT STRATEGY INC,VOTER CONTACT MAIL,
Red Eagle Media Group,Media placement,
USPS,Postage,
Club for Growth,press releaes (from advance line 21),
"Mission Control, Inc.",Direct Mail of 'Gap' - ESTIMATE,
Senate Conservatives Fund,IE-Davidson-Donation Processing,
EXORO STRATEGIES LLC,WEB AD PLACEMENT,
FACEBOOK,DIGITAL MEDIA PRODUCTION/PLACEMENT - SEE RED METRICS 12-10-15,
Mountaintop Media,Social Media Advertising,
HSP Direct,Direct mail creative fee adj. pymnt of nationwide DMs sent on 12/18/15.,
FORTH RIGHT STRATEGY INC,VOTER CONTACT MAIL,
FORTH RIGHT STRATEGY INC,VOTER CONTACT MAIL,
"WildFire Contact, LLC",DIrect Mail,
GOOGLE,DIGITAL MEDIA PRODUCTION/PLACEMENT - NORTH CAROLINA,
The Prosper Group Corporation,Digital Advertising - TubeMogul,
USPS,POSTAGE,
Red Eagle Media Group,Media placement,
720 Strategies LLC,Online Ad Costs,
"Staples, Dept 51-7811326924",paper for copying materials for organizing,
SWIFTKURRENT,ADVERTISING - ONLINE,
Blueprint Interactive,Online Advertising,
Minuteman Press,Flyers,
USPS,Postage,
Christian Printing,Direct Mail,
"Facebook, Inc",Digital Advertising,
INFOCISION MANAGEMENT CORP,VOTER CONTACT CALLS,
Chatham Light Media LLC,Video Production,
Club for Growth,press release (from advance line 21),
EXORO STRATEGIES LLC,WEB AD PLACEMENT,
DSSI,VOTER MAIL,
Cornerstone Staffing,Phone Banking,
BIEBER COMMUNICATIONS,DIRECT MAIL - PRINTING,
Kelly Press,Printing and Design - Signs,
Google,Digital Advertising,
FORTH RIGHT STRATEGY INC,VOTER CONTACT MAIL,
"THE STONERIDGE GROUP, LLC",DIRECT MAIL POSTAGE,
"Victory Enterprises, Inc.",Online Advertising - Facebook,
REVOLUTION AGENCY,MEDIA PRODUCTION - ALSO OPPOSE KASICH AND CHRISTIE,
Club for Growth,email costs (from advance line 21),
Latino Print Network,Ad,
"New Day Media, LLC",Media Buy,
FORTH RIGHT STRATEGY INC,VOTER CONTACT MAIL,
Facebook,Advertising,
Corporate Press Inc.,Printing estimate of nationwide DMs sent on 12/18/15.,
Woodland Hills Printing,Banners,
Senate Conservatives Fund,IE-Stutzman-Donation Processing,
FORTH RIGHT STRATEGY INC,VOTER CONTACT MAIL,
THE LUKENS COMPANY,DIRECT MAIL EXPENSE,
"i360, LLC",Phone Bank-Cost Estimated,
Gaylynn Burroughs,Payroll & Benefits - Another Feminist for Hillary,
USPS,Postage,
Club for Growth,internet communications (from advance line 21),
INFOCISION MANAGEMENT CORP,VOTER CONTACT CALLS,
"Outlaw Media, LLC",media production,
Club for Growth,internet communications (from advance line 21),
Rigel Strategies LLC,PAC Radio Advertising,
"RIGHT STRATEGIES, LLC",ADVERTISING - ONLINE,
VICTORY PHONES,ROBOCALLS - MICHIGAN,
Herald Publishing Company,Newspaper Advertisement,
Iowa Farner Today,Newspaper Advertisement,
SRCP Media,Media production,
76 Words,Pymt. for IE (B595399) rptd. on 2016 FEC M3 rpt.; note corrected amt.; see SchD and text on page 16,
Forever Media,Advertising - Radio (also supports Ted Cruz),
"West Virginians for Life, Inc.",Printing,
Targeted Victory,online advertising,
DDC Advocacy,Online advertising,
RIGEL STRATEGIES LLC,MEDIA,
NOVA List Company,Mailing list fees for mail opposing Hillary Clinton (mailed 3/9/2016 but no 48 hr report filed),
Screen Strategies Media,Cable Advertising: People First,
Club for Growth,phone solicitations (from advance line 21),
Campaign Solutions,Voter contact-email,
"West Virginians for Life, Inc.",Travel/Deliver Mailings,
FORTH RIGHT STRATEGY INC,VOTER CONTACT MAIL,
SWIFTKURRENT,ADVERTISING - ONLINE,
Make DC Listen,Donation Processing,